{
  "hash": "386591d0",
  "configHash": "d6f8e500",
  "lockfileHash": "703d7e14",
  "browserHash": "1d80d240",
  "optimized": {
    "@angular/common": {
      "src": "../../../../../node_modules/@angular/common/fesm2022/common.mjs",
      "file": "@angular_common.js",
      "fileHash": "5ff7bc7b",
      "needsInterop": false
    },
    "@angular/common/http": {
      "src": "../../../../../node_modules/@angular/common/fesm2022/http.mjs",
      "file": "@angular_common_http.js",
      "fileHash": "e40b995f",
      "needsInterop": false
    },
    "@angular/core": {
      "src": "../../../../../node_modules/@angular/core/fesm2022/core.mjs",
      "file": "@angular_core.js",
      "fileHash": "e2aa4d5a",
      "needsInterop": false
    },
    "@angular/forms": {
      "src": "../../../../../node_modules/@angular/forms/fesm2022/forms.mjs",
      "file": "@angular_forms.js",
      "fileHash": "1dc84d6b",
      "needsInterop": false
    },
    "@angular/platform-browser": {
      "src": "../../../../../node_modules/@angular/platform-browser/fesm2022/platform-browser.mjs",
      "file": "@angular_platform-browser.js",
      "fileHash": "585fb71b",
      "needsInterop": false
    },
    "@angular/platform-browser/animations": {
      "src": "../../../../../node_modules/@angular/platform-browser/fesm2022/animations.mjs",
      "file": "@angular_platform-browser_animations.js",
      "fileHash": "ee7840b3",
      "needsInterop": false
    },
    "@angular/router": {
      "src": "../../../../../node_modules/@angular/router/fesm2022/router.mjs",
      "file": "@angular_router.js",
      "fileHash": "140973d5",
      "needsInterop": false
    },
    "ng-zorro-antd/button": {
      "src": "../../../../../node_modules/ng-zorro-antd/fesm2022/ng-zorro-antd-button.mjs",
      "file": "ng-zorro-antd_button.js",
      "fileHash": "9facb482",
      "needsInterop": false
    },
    "ng-zorro-antd/core/transition-patch": {
      "src": "../../../../../node_modules/ng-zorro-antd/fesm2022/ng-zorro-antd-core-transition-patch.mjs",
      "file": "ng-zorro-antd_core_transition-patch.js",
      "fileHash": "446e60b2",
      "needsInterop": false
    },
    "ng-zorro-antd/core/wave": {
      "src": "../../../../../node_modules/ng-zorro-antd/fesm2022/ng-zorro-antd-core-wave.mjs",
      "file": "ng-zorro-antd_core_wave.js",
      "fileHash": "70aa6b8c",
      "needsInterop": false
    },
    "ng-zorro-antd/date-picker": {
      "src": "../../../../../node_modules/ng-zorro-antd/fesm2022/ng-zorro-antd-date-picker.mjs",
      "file": "ng-zorro-antd_date-picker.js",
      "fileHash": "2a074fa1",
      "needsInterop": false
    },
    "ng-zorro-antd/form": {
      "src": "../../../../../node_modules/ng-zorro-antd/fesm2022/ng-zorro-antd-form.mjs",
      "file": "ng-zorro-antd_form.js",
      "fileHash": "c8ac1d43",
      "needsInterop": false
    },
    "ng-zorro-antd/grid": {
      "src": "../../../../../node_modules/ng-zorro-antd/fesm2022/ng-zorro-antd-grid.mjs",
      "file": "ng-zorro-antd_grid.js",
      "fileHash": "ec8a9269",
      "needsInterop": false
    },
    "ng-zorro-antd/input": {
      "src": "../../../../../node_modules/ng-zorro-antd/fesm2022/ng-zorro-antd-input.mjs",
      "file": "ng-zorro-antd_input.js",
      "fileHash": "7de8b359",
      "needsInterop": false
    },
    "ng-zorro-antd/layout": {
      "src": "../../../../../node_modules/ng-zorro-antd/fesm2022/ng-zorro-antd-layout.mjs",
      "file": "ng-zorro-antd_layout.js",
      "fileHash": "de4a442a",
      "needsInterop": false
    },
    "ng-zorro-antd/message": {
      "src": "../../../../../node_modules/ng-zorro-antd/fesm2022/ng-zorro-antd-message.mjs",
      "file": "ng-zorro-antd_message.js",
      "fileHash": "e0b45d25",
      "needsInterop": false
    },
    "ng-zorro-antd/select": {
      "src": "../../../../../node_modules/ng-zorro-antd/fesm2022/ng-zorro-antd-select.mjs",
      "file": "ng-zorro-antd_select.js",
      "fileHash": "9da2c274",
      "needsInterop": false
    },
    "ng-zorro-antd/spin": {
      "src": "../../../../../node_modules/ng-zorro-antd/fesm2022/ng-zorro-antd-spin.mjs",
      "file": "ng-zorro-antd_spin.js",
      "fileHash": "60f58032",
      "needsInterop": false
    },
    "ng-zorro-antd/time-picker": {
      "src": "../../../../../node_modules/ng-zorro-antd/fesm2022/ng-zorro-antd-time-picker.mjs",
      "file": "ng-zorro-antd_time-picker.js",
      "fileHash": "7728c7be",
      "needsInterop": false
    },
    "ng-zorro-antd/upload": {
      "src": "../../../../../node_modules/ng-zorro-antd/fesm2022/ng-zorro-antd-upload.mjs",
      "file": "ng-zorro-antd_upload.js",
      "fileHash": "171dd46b",
      "needsInterop": false
    }
  },
  "chunks": {
    "chunk-G7B36T7N": {
      "file": "chunk-G7B36T7N.js"
    },
    "chunk-BRRMAXOU": {
      "file": "chunk-BRRMAXOU.js"
    },
    "chunk-6R4FU636": {
      "file": "chunk-6R4FU636.js"
    },
    "chunk-FWYZO2GC": {
      "file": "chunk-FWYZO2GC.js"
    },
    "chunk-TKCXS3ZU": {
      "file": "chunk-TKCXS3ZU.js"
    },
    "chunk-3EK7ZYB6": {
      "file": "chunk-3EK7ZYB6.js"
    },
    "chunk-CFKFGYAM": {
      "file": "chunk-CFKFGYAM.js"
    },
    "chunk-FBRBVMXR": {
      "file": "chunk-FBRBVMXR.js"
    },
    "chunk-ZOAG2OOO": {
      "file": "chunk-ZOAG2OOO.js"
    },
    "chunk-JDTQGHNZ": {
      "file": "chunk-JDTQGHNZ.js"
    },
    "chunk-JPZ4PYM5": {
      "file": "chunk-JPZ4PYM5.js"
    },
    "chunk-JY5IHLGE": {
      "file": "chunk-JY5IHLGE.js"
    },
    "chunk-T5CUUMEX": {
      "file": "chunk-T5CUUMEX.js"
    },
    "chunk-M4MLM4GK": {
      "file": "chunk-M4MLM4GK.js"
    },
    "chunk-FKITPP3X": {
      "file": "chunk-FKITPP3X.js"
    },
    "chunk-WEV5ZIPM": {
      "file": "chunk-WEV5ZIPM.js"
    },
    "chunk-WXGA6N7A": {
      "file": "chunk-WXGA6N7A.js"
    },
    "chunk-LIPE2S3G": {
      "file": "chunk-LIPE2S3G.js"
    },
    "chunk-COTGJWJG": {
      "file": "chunk-COTGJWJG.js"
    },
    "chunk-RAQMVCSR": {
      "file": "chunk-RAQMVCSR.js"
    },
    "chunk-XFH6SMI6": {
      "file": "chunk-XFH6SMI6.js"
    },
    "chunk-VAJNTB5A": {
      "file": "chunk-VAJNTB5A.js"
    },
    "chunk-TBBVKXDU": {
      "file": "chunk-TBBVKXDU.js"
    },
    "chunk-LUBQWU5S": {
      "file": "chunk-LUBQWU5S.js"
    },
    "chunk-J5PVIR53": {
      "file": "chunk-J5PVIR53.js"
    },
    "chunk-XYHDKGPD": {
      "file": "chunk-XYHDKGPD.js"
    }
  }
}